T,Cow,coverage_pct,dataset_split,notif_lameness,lame_confidence,behavioral_warning_score,behavioral_warning_cusum,behavioral_warning_families,behavioral_warning_episode,behavioral_warning_start,behavioral_warning_notification,instability_warning_score,instability_warning_cusum,instability_warning_families,instability_warning_episode,instability_warning_start,instability_warning_notification,hybrid_warning_score,hybrid_warning_episode,hybrid_warning_surveillance,hybrid_warning_sequence_start,hybrid_warning_start,hybrid_warning_notification,hybrid_warning_type,hybrid_warning_priority,hybrid_warning_fusion_mode
2021-12-01 10:15:00,2041,100.0,baseline,1,48.1,0.0030233569966041096,0.0,0,0,0,0,0.0,0.0,0,0,0,0,0.0030233569966041096,0,0,0,0,0,AUCUN,0,HIERARCHICAL
2021-12-04 03:30:00,2041,100.0,futur,0,20.7,0.28407246203958036,5.397746366421142,4,1,1,1,0.3440184049079755,0.0,2,0,0,0,0.3440184049079755,1,0,0,1,1,HYPO,2,HIERARCHICAL
2021-12-04 20:30:00,2041,100.0,futur,0,29.1,0.4348938202204352,28.150360830310674,3,1,0,0,0.24968665654169156,1.4902595449533174,3,1,1,1,0.4348938202204352,1,0,0,1,1,MIXTE,3,HIERARCHICAL
2021-12-05 19:15:00,2041,100.0,futur,0,8.5,0.336191948765495,39.18695154051313,4,1,1,1,0.20254673577638369,0.0,2,0,0,0,0.336191948765495,1,0,1,1,1,SEQUENCE,3,HIERARCHICAL
2021-12-05 23:45:00,2041,100.0,futur,0,14.6,0.09308146980767681,42.76585045547686,2,1,0,0,0.7193233170412122,1.4265189468722221,3,1,1,1,0.7193233170412122,1,0,0,1,0,MIXTE,3,HIERARCHICAL
2021-12-04 15:45:00,2208,100.0,futur,0,27.6,0.169709410883432,1.8851534610571432,4,1,1,1,0.014002497658445223,0.0,0,0,0,0,0.169709410883432,1,0,0,1,1,HYPO,2,HIERARCHICAL
2021-12-04 23:15:00,2208,100.0,futur,0,4.4,0.25414688025400173,7.388574925226832,4,1,0,0,0.9030612244897959,2.9355511729513664,2,1,1,1,0.9030612244897959,1,0,0,1,0,MIXTE,3,HIERARCHICAL
2021-12-05 16:30:00,2208,100.0,futur,0,31.2,0.032132910457779454,14.758891277096986,1,1,0,0,0.4029423821796205,5.184504203514734,3,1,1,1,0.4029423821796205,1,0,0,1,1,MIXTE,3,HIERARCHICAL
2021-12-04 03:30:00,8056,100.0,futur,0,3.9,0.3568474589631836,3.2641862998131823,4,1,1,1,0.03294117647058826,0.22275490196078435,0,0,0,0,0.3568474589631836,1,0,0,1,1,HYPO,2,HIERARCHICAL
2021-12-04 18:00:00,8056,100.0,futur,0,30.3,0.029662083051969712,3.703301400739208,0,0,0,0,0.20395328444751348,1.8107319941223343,2,1,1,1,0.20395328444751348,0,1,0,0,0,INSTABILITE,1,HIERARCHICAL
2021-12-06 10:15:00,8056,100.0,futur,0,31.7,0.21438282948209503,2.937400177703506,4,1,1,1,0.21146928095988787,0.15146928095988788,2,0,0,0,0.21438282948209503,1,0,1,1,1,SEQUENCE,3,HIERARCHICAL
2021-12-04 02:30:00,8057,100.0,futur,0,4.6,0.4818665341804428,3.2186643363915657,3,0,0,0,0.6798076923076922,2.8279689833863872,2,1,1,1,0.6798076923076922,0,1,0,0,0,INSTABILITE,1,HIERARCHICAL
2021-12-04 03:45:00,8057,100.0,futur,0,7.5,0.42668320654028224,5.73908192072638,3,1,1,1,0.9749999999999999,6.794666725837949,2,1,0,0,0.9749999999999999,1,0,1,1,1,SEQUENCE,3,HIERARCHICAL
2021-12-05 13:45:00,8057,100.0,futur,0,27.4,0.3974499036764159,35.3123461170177,3,1,1,1,0.511623188405797,4.228513876097005,2,0,0,0,0.511623188405797,1,0,1,1,1,SEQUENCE,3,HIERARCHICAL
2021-12-04 07:00:00,8080,100.0,futur,0,15.5,0.1700354926116573,2.2144134431687883,4,1,1,1,0.12340746555032266,0.0,1,0,0,0,0.1700354926116573,1,0,0,1,1,HYPO,2,HIERARCHICAL
2021-12-05 03:00:00,8080,100.0,futur,0,18.7,0.019119496811904158,14.606056421108747,1,0,0,0,0.22733918128654962,0.9196318260439829,2,1,1,1,0.22733918128654962,0,1,0,0,0,INSTABILITE,1,HIERARCHICAL
2021-12-05 12:30:00,8080,100.0,futur,0,29.2,0.5926268130993845,19.672924642492973,4,1,1,1,0.0,0.0,0,0,0,0,0.5926268130993845,1,0,1,1,1,SEQUENCE,3,HIERARCHICAL
2021-12-03 12:15:00,8089,100.0,baseline,1,49.4,0.025429013101494605,0.0,1,0,0,0,0.04581961095469238,0.0,1,0,0,0,0.04581961095469238,0,0,0,0,0,AUCUN,0,HIERARCHICAL
2021-12-04 12:45:00,8089,100.0,futur,0,26.1,0.4044179131514899,5.359519221635309,3,1,1,1,0.3825987778684292,0.0,1,0,0,0,0.4044179131514899,1,0,0,1,1,HYPO,2,HIERARCHICAL
2021-12-05 00:00:00,8089,100.0,futur,0,22.3,0.06816642443453727,15.666539265156729,1,0,0,0,0.5109181243327585,1.8537337247716068,2,1,1,1,0.5109181243327585,0,1,0,0,0,INSTABILITE,1,HIERARCHICAL
2021-12-05 17:00:00,8089,100.0,futur,0,35.7,0.08667442537096305,11.537698131591188,1,0,0,0,0.7701024590163933,2.6490151976984087,3,1,1,1,0.7701024590163933,0,1,0,0,0,INSTABILITE,1,HIERARCHICAL
2021-12-06 06:00:00,8089,100.0,futur,0,30.3,0.14056228852783598,10.943240888270482,3,1,1,1,0.13199999999999998,0.7799755119558842,1,0,0,0,0.14056228852783598,1,0,1,1,1,SEQUENCE,3,HIERARCHICAL
2021-12-05 02:45:00,8537,100.0,futur,0,24.3,0.23184679206471437,2.699570577397814,4,1,1,1,0.0,0.0,0,0,0,0,0.23184679206471437,1,0,0,1,1,HYPO,2,HIERARCHICAL
2021-12-06 10:00:00,8537,100.0,futur,0,23.6,0.044444444444444446,1.4320610305845236,1,0,0,0,0.4230137509549274,1.4647888003014187,2,1,1,1,0.4230137509549274,0,1,0,0,0,INSTABILITE,1,HIERARCHICAL
2021-12-01 11:45:00,8557,100.0,baseline,1,57.3,0.00645071536595342,0.0,0,0,0,0,0.9820481205011996,0.0,3,0,0,0,0.9820481205011996,0,0,0,0,0,AUCUN,0,HIERARCHICAL
2021-12-03 07:00:00,8557,100.0,futur,0,16.3,0.2127431180531841,0.6861273506941006,3,0,0,0,0.8567632840414949,3.5055066210445287,4,1,1,1,0.8567632840414949,0,1,0,0,0,INSTABILITE,1,HIERARCHICAL
2021-12-03 11:45:00,8557,100.0,futur,0,52.5,0.1983849887257681,1.3239946377392935,3,1,1,1,1.0,17.771362748528833,3,1,0,0,1.0,1,0,1,1,1,SEQUENCE,3,HIERARCHICAL
2021-12-04 02:15:00,8557,100.0,futur,0,14.3,0.4076308169075433,7.272786209896343,3,1,1,0,0.28590066225165567,27.71797883805532,2,0,0,0,0.4076308169075433,1,0,1,1,1,SEQUENCE,3,HIERARCHICAL
2021-12-02 12:00:00,8562,100.0,baseline,1,58.1,0.010309533479411548,0.0,1,0,0,0,0.6849999999999999,0.0,2,0,0,0,0.6849999999999999,0,0,0,0,0,AUCUN,0,HIERARCHICAL
2021-12-04 04:30:00,8562,100.0,futur,0,21.4,0.05962446726048884,0.0,2,0,0,0,1.0,3.5551019900497507,3,1,1,1,1.0,0,1,0,0,0,INSTABILITE,1,HIERARCHICAL
2021-12-05 05:15:00,8562,100.0,futur,0,26.5,0.24275900898661248,1.2081549567541812,4,1,1,1,0.0,13.757747362880062,0,0,0,0,0.24275900898661248,1,0,1,1,1,SEQUENCE,3,HIERARCHICAL
2021-12-06 01:30:00,8562,100.0,futur,0,13.2,0.07174243252464273,0.0,2,0,0,0,0.8190549563430918,12.336438086463179,2,1,1,1,0.8190549563430918,0,1,0,0,0,INSTABILITE,1,HIERARCHICAL
2021-12-06 08:30:00,8562,100.0,futur,0,20.6,0.324748462619306,2.3200208143931262,3,1,1,1,0.28792558318874106,24.32373376245587,2,0,0,0,0.324748462619306,1,0,1,1,1,SEQUENCE,3,HIERARCHICAL
