Date,Cow_ID,Week,Treatment_hour,Treatment_pad_size(m2),Paddock_number,Temp_7:15am_(C),Wind_speed_7:15am_(km/h),Windchill_index_7:15am,Weather_conditions,Paddock_surface_conditions,Gov_CAN_Temp_10am_(C),Gov_CAN_wind_speed_10am_(km/h),Gov_CAN_rel_humidity_10am_(%),Gov_CAN_Windchill_10am,Scan_SI,Scan_SR,Scan_SA,Scan_SW,Scan_SWR,Scan_PMH,Scan_SP,Scan_SN,Scan_W,Scan_EXI,Scan_EXW,Scan_SG,Scan_AG,Scan_ES,Scan_EW,Scan_KW,Scan_LD,Scan_EG,Scan_OT,Percentage_active,Scan_D_T,Scan_D_B,Scan_D_F,Distance_index_per_treatment_hour,Icetag_steps_per_treatment_hour1,Icetag_steps_per_treatment_hour2,Icetag_steps_2hours_total,Comments
2019-02-14 00:00:00,2056,1,2,80,8,-6,12,-11,light snow,snow,-7.3,25,68,-15,9,18,0,0,0,0,1,0,2,0,0,0,0,0,0,0,0,0,0,,2,25,3,0.5166666666666667,256,229,485,2 hour cows done technically by 12:40 but stayed until 12:48 to complete behavioral observations
2019-02-15 00:00:00,8510,1.2,1,40,14,-2.4,8.4,-6,snow,snow,2,18,71,N/A,0,14,0,0,0,0,0,1,0,0,0,0,0,0,0,0,0,0,0,,4,11,0,0.36666666666666664,73,,,
2019-02-15 00:00:00,3437,1.2,1,80,16,-2.4,8.4,-6,snow,snow,2,18,71,N/A,5,7,0,0,0,3,0,0,0,0,0,0,0,0,0,0,0,0,0,,4,10,1,0.4,217,,,
2019-02-15 00:00:00,8508,1.2,1,20,12,-2.4,8.4,-6,snow,snow,2,18,71,N/A,1,6,0,0,8,0,0,0,0,0,0,0,0,0,0,0,0,0,0,,3,12,0,0.4,28,,,
2019-02-15 00:00:00,2081,1.2,2,60,2,-2.4,8.4,-6,snow,snow,2,18,71,N/A,3,12,0,5,6,1,1,0,0,1,1,0,0,0,0,0,0,0,0,,8,21,1,0.38333333333333336,72,63,135,
2019-02-15 00:00:00,3443,1.2,2,40,6,-2.4,8.4,-6,snow,snow,2,18,71,N/A,6,23,0,0,0,0,0,0,0,1,0,0,0,0,0,0,0,0,0,,2,25,3,0.5166666666666667,73,145,218,
2019-02-15 00:00:00,5250,1.2,2,20,4,-2.4,8.4,-6,snow,snow,2,18,71,N/A,26,2,0,0,0,0,0,0,2,0,0,0,0,0,0,0,0,0,0,,1,27,2,0.5166666666666667,169,221,390,
2019-02-22 00:00:00,5250,2,1,60,10,-5.5,9,-10,clear,snow,-4.2,16,67,-10,8,5,0,0,0,0,0,0,0,2,0,0,0,0,0,0,0,0,0,,0,5,10,0.8333333333333334,84,,,
2019-02-22 00:00:00,3443,2,1,80,16,-5.5,9,-10,clear,snow,-4.2,16,67,-10,5,1,0,0,4,1,0,1,0,2,0,0,0,1,0,0,0,0,0,,6,9,0,0.3,155,,,
2019-02-22 00:00:00,8510,2,1,20,12,-5.5,9,-10,clear,snow,-4.2,16,67,-10,3,3,0,3,5,0,0,0,0,0,0,1,0,0,0,0,0,0,0,,1,14,0,0.4666666666666667,68,,,
2019-02-22 00:00:00,2081,2,2,80,8,-5.5,9,-10,clear,snow,-4.2,16,67,-10,8,21,0,0,0,0,1,0,0,0,0,0,0,0,0,0,0,0,0,,1,29,0,0.48333333333333334,88,95,183,
2019-02-22 00:00:00,2056,2,2,60,2,-5.5,9,-10,clear,snow,-4.2,16,67,-10,5,20,1,0,1,0,0,0,1,2,0,0,0,0,0,0,0,0,0,,0,30,0,0.5,58,154,212,
2019-02-22 00:00:00,3437,2,2,40,6,-5.5,9,-10,clear,snow,-4.2,16,67,-10,12,6,1,0,0,4,1,0,3,0,0,2,1,0,0,0,0,0,0,,12,14,4,0.36666666666666664,158,130,288,
2019-03-07 00:00:00,8508,4,1,80,16,-19,4,-22,clear,snow,-12.8,4,54,-15,4,10,0,0,0,0,0,0,1,0,0,0,0,0,0,0,0,0,0,,5,9,1,0.36666666666666664,130,,,
2019-03-07 00:00:00,3437,4,1,20,12,-19,4,-22,clear,snow,-12.8,4,54,-15,2,10,0,0,0,1,0,1,1,0,0,0,0,0,0,0,0,0,0,,7,8,0,0.26666666666666666,136,,,
2019-03-07 00:00:00,8510,4,1,60,10,-19,4,-22,clear,snow,-12.8,4,54,-15,3,12,0,0,0,0,0,0,0,0,0,0,0,0,0,0,0,0,0,,1,8,6,0.6666666666666666,101,,,
2019-03-07 00:00:00,2056,4,2,20,4,-19,4,-22,clear,snow,-12.8,4,54,-15,9,19,0,0,0,0,0,0,0,1,0,1,0,0,0,0,0,0,0,,0,30,0,0.5,70,187,257,
2019-03-07 00:00:00,3443,4,2,60,2,-19,4,-22,clear,snow,-12.8,4,54,-15,9,15,2,0,0,2,0,0,0,1,1,0,0,0,0,0,0,0,0,,4,14,12,0.6333333333333333,141,134,275,
2019-03-07 00:00:00,2081,4,2,40,6,-19,4,-22,clear,snow,-12.8,4,54,-15,13,16,0,0,0,0,0,0,0,0,1,0,0,0,0,0,0,0,0,,0,24,6,0.6,105,79,184,
2019-03-15 00:00:00,5250,5,1,80,9,11,0,11,clear,wet,9.4,25,58,N/A,8,6,0,0,0,0,0,0,1,0,0,0,0,0,0,0,0,0,0,,0,9,6,0.7,149,,,
2019-03-15 00:00:00,2081,5,1,40,11,11,0,11,clear,wet,9.4,25,58,N/A,0,15,0,0,0,0,0,0,0,0,0,0,0,0,0,0,0,0,0,,0,13,2,0.5666666666666667,59,,,
2019-03-15 00:00:00,2056,5,1,20,13,11,0,11,clear,wet,9.4,25,58,N/A,4,8,0,2,0,0,0,0,0,1,0,0,0,0,0,0,0,0,0,,5,5,5,0.5,67,,,
2019-03-15 00:00:00,3443,5,1,60,15,11,0,11,clear,wet,9.4,25,58,N/A,2,12,0,0,0,0,1,0,0,0,0,0,0,0,0,0,0,0,0,,1,11,3,0.5666666666666667,114,,,
2019-03-15 00:00:00,3437,5,2,20,5,11,0,11,clear,wet,9.4,25,58,N/A,14,12,0,0,0,0,0,0,2,2,0,0,0,0,0,0,0,0,0,,9,21,0,0.35,78,183,261,2 hour pairs done 12:14 but started bringing them in at 12:19
2019-03-15 00:00:00,5246,5,2,40,3,11,0,11,clear,wet,9.4,25,58,N/A,19,9,0,0,0,0,0,0,1,1,0,0,0,0,0,0,0,0,0,,1,29,0,0.48333333333333334,56,83,139,2 hour pairs done 12:14 but started bringing them in at 12:19
2019-03-15 00:00:00,8508,5,2,80,1,11,0,11,clear,wet,9.4,25,58,N/A,6,15,0,0,0,0,2,0,3,1,0,0,3,0,0,0,0,0,0,,7,23,0,0.38333333333333336,66,97,163,2 hour pairs done 12:14 but started bringing them in at 12:19
2019-03-15 00:00:00,8510,5,2,60,7,11,0,11,clear,wet,9.4,25,58,N/A,2,23,0,0,0,0,0,0,3,1,0,1,0,0,0,0,0,0,0,,0,23,7,0.6166666666666667,105,89,194,2 hour pairs done 12:14 but started bringing them in at 12:19
2019-03-29 00:00:00,8510,7.2,1,80,16,5.5,0.2,5.5,rain,wood chips,4.1,11,85,N/A,2,11,0,0,0,1,0,0,0,1,0,0,0,0,0,0,0,0,0,,1,10,4,0.6,63,,,"wood chips in paddocks 2, 4, 6, 8, 10, 12, 14, 16"
2019-03-29 00:00:00,5250,7.2,1,40,14,5.5,0.2,5.5,rain,wood chips,4.1,11,85,N/A,8,5,0,0,0,0,0,0,1,1,0,0,0,0,0,0,0,0,0,,1,5,9,0.7666666666666667,62,,,"wood chips in paddocks 2, 4, 6, 8, 10, 12, 14, 16"
2019-03-29 00:00:00,8508,7.2,1,60,10,5.5,0.2,5.5,rain,wood chips,4.1,11,85,N/A,2,8,0,0,0,3,0,0,1,0,1,0,0,0,0,0,0,0,0,,3,8,4,0.5333333333333333,116,,,"wood chips in paddocks 2, 4, 6, 8, 10, 12, 14, 16"
2019-03-29 00:00:00,3443,7.2,1,20,12,5.5,0.2,5.5,rain,wood chips,4.1,11,85,N/A,1,12,0,0,0,0,0,0,0,2,0,0,0,0,0,0,0,0,0,,1,13,1,0.5,62,,,"wood chips in paddocks 2, 4, 6, 8, 10, 12, 14, 16"
2019-03-29 00:00:00,2056,7.2,2,40,6,5.5,0.2,5.5,rain,wood chips,4.1,11,85,N/A,11,10,1,0,0,0,0,0,0,5,1,0,0,0,0,1,1,0,0,,0,17,13,0.7166666666666667,82,94,176,"wood chips in paddocks 2, 4, 6, 8, 10, 12, 14, 16"
2019-03-29 00:00:00,2081,7.2,2,20,4,5.5,0.2,5.5,rain,wood chips,4.1,11,85,N/A,20,5,0,0,0,0,1,0,2,2,0,0,0,0,0,0,0,0,0,,3,26,1,0.4666666666666667,67,45,112,"wood chips in paddocks 2, 4, 6, 8, 10, 12, 14, 16"
2019-03-29 00:00:00,5246,7.2,2,80,8,5.5,0.2,5.5,rain,wood chips,4.1,11,85,N/A,2,24,0,0,0,0,0,0,0,4,0,0,0,0,0,0,0,0,0,,1,13,16,0.75,25,26,51,"wood chips in paddocks 2, 4, 6, 8, 10, 12, 14, 16"
2019-03-29 00:00:00,3437,7.2,2,60,2,5.5,0.2,5.5,rain,wood chips,4.1,11,85,N/A,9,15,0,0,0,1,1,0,0,2,1,1,0,0,0,0,0,0,0,,3,10,17,0.7333333333333333,145,179,324,"wood chips in paddocks 2, 4, 6, 8, 10, 12, 14, 16"
2019-04-05 00:00:00,2056,8,1,80,16,-7,0,-7,clear,wood chips,-0.5,12,37,-4,8,3,0,0,0,0,0,0,0,3,1,0,0,0,0,0,0,0,0,,0,1,14,0.9666666666666667,119,,,"wood chips in paddocks 2, 4, 6, 8, 10, 12, 14, 16"
2019-04-05 00:00:00,3443,8,1,40,14,-7,0,-7,clear,wood chips,-0.5,12,37,-4,4,9,0,0,0,0,0,1,0,1,0,0,0,0,0,0,0,0,0,,2,8,5,0.6,62,,,"wood chips in paddocks 2, 4, 6, 8, 10, 12, 14, 16"
2019-04-05 00:00:00,2081,8,1,60,10,-7,0,-7,clear,wood chips,-0.5,12,37,-4,4,0,0,0,0,1,2,0,1,2,3,0,0,0,1,0,0,1,0,,3,6,6,0.6,110,,,"wood chips in paddocks 2, 4, 6, 8, 10, 12, 14, 16"
2019-04-05 00:00:00,8510,8,2,40,6,-7,0,-7,clear,wood chips,-0.5,12,37,-4,16,7,2,0,0,0,0,0,3,1,0,0,0,0,1,0,0,0,0,,0,25,5,0.5833333333333334,65,136,201,"wood chips in paddocks 2, 4, 6, 8, 10, 12, 14, 16"
2019-04-05 00:00:00,8508,8,2,20,4,-7,0,-7,clear,wood chips,-0.5,12,37,-4,12,14,0,0,0,0,1,0,1,0,0,1,0,0,1,0,0,0,0,,8,22,0,0.36666666666666664,41,92,133,"wood chips in paddocks 2, 4, 6, 8, 10, 12, 14, 16"
2019-04-05 00:00:00,5246,8,2,60,2,-7,0,-7,clear,wood chips,-0.5,12,37,-4,7,19,0,0,0,0,0,0,0,4,0,0,0,0,0,0,0,0,0,,0,29,1,0.5166666666666667,46,62,108,"wood chips in paddocks 2, 4, 6, 8, 10, 12, 14, 16"
2019-04-05 00:00:00,5250,8,1,20,12,-7,0,-7,clear,wood chips,-0.5,12,37,-4,1,14,0,0,0,0,0,0,0,0,0,0,0,0,0,0,0,0,0,,1,14,0,0.4666666666666667,69,,,"wood chips in paddocks 2, 4, 6, 8, 10, 12, 14, 16"
