Experiment,Cow,scan_date,icetag_covered_pm1j,icetag_covered_same_day,alert_present_pm1j,n_alerts_pm1j,Pct_locomotion,Pct_lying,Pct_Idle,Pct_Vigilance,Pct_Explo,Pct_eating,Pct_Social,Pct_Maintenance,Pct_Other
Winter 2019,2056,2019-02-14,1,1,1,2,0.06666666666666667,0.0,0.9,0.0,0.0,0.0,0.03333333333333333,0.0,0.0
Winter 2019,2056,2019-02-22,1,1,1,2,0.03333333333333333,0.0,0.8333333333333334,0.03333333333333333,0.06666666666666667,0.0,0.03333333333333333,0.0,0.0
Winter 2019,2056,2019-03-07,1,1,1,2,0.0,0.0,0.9333333333333333,0.0,0.03333333333333333,0.0,0.0,0.03333333333333333,0.0
Winter 2019,2056,2019-03-15,1,1,0,0,0.0,0.0,0.8,0.0,0.06666666666666667,0.0,0.13333333333333333,0.0,0.0
Winter 2019,2056,2019-03-29,1,1,1,1,0.03333333333333333,0.03333333333333333,0.7,0.03333333333333333,0.16666666666666666,0.0,0.0,0.0,0.03333333333333333
Winter 2019,2056,2019-04-05,1,1,0,0,0.06666666666666667,0.0,0.7333333333333333,0.0,0.2,0.0,0.0,0.0,0.0
Winter 2019,2081,2019-02-15,1,1,0,0,0.03333333333333333,0.0,0.5,0.0,0.03333333333333333,0.0,0.43333333333333335,0.0,0.0
Winter 2019,2081,2019-02-22,1,1,0,0,0.0,0.0,0.9666666666666667,0.0,0.0,0.0,0.03333333333333333,0.0,0.0
Winter 2019,2081,2019-03-07,1,1,0,0,0.03333333333333333,0.0,0.9666666666666667,0.0,0.0,0.0,0.0,0.0,0.0
Winter 2019,2081,2019-03-15,1,1,0,0,0.0,0.0,1.0,0.0,0.0,0.0,0.0,0.0,0.0
Winter 2019,2081,2019-03-29,1,1,0,0,0.06666666666666667,0.0,0.8333333333333334,0.0,0.06666666666666667,0.0,0.03333333333333333,0.0,0.0
Winter 2019,2081,2019-04-05,1,1,0,0,0.26666666666666666,0.0,0.26666666666666666,0.0,0.13333333333333333,0.13333333333333333,0.2,0.0,0.0
Winter 2019,3437,2019-02-15,1,1,0,0,0.0,0.0,0.8,0.0,0.0,0.0,0.2,0.0,0.0
Winter 2019,3437,2019-02-22,1,1,0,0,0.1,0.0,0.6,0.03333333333333333,0.0,0.0,0.16666666666666666,0.1,0.0
Winter 2019,3437,2019-03-07,1,1,0,0,0.06666666666666667,0.0,0.8,0.0,0.0,0.0,0.13333333333333333,0.0,0.0
Winter 2019,3437,2019-03-15,1,1,0,0,0.06666666666666667,0.0,0.8666666666666667,0.0,0.06666666666666667,0.0,0.0,0.0,0.0
Winter 2019,3437,2019-03-29,1,1,0,0,0.03333333333333333,0.0,0.8,0.0,0.06666666666666667,0.0,0.06666666666666667,0.03333333333333333,0.0
Winter 2019,3443,2019-02-15,1,1,0,0,0.0,0.0,0.9666666666666667,0.0,0.03333333333333333,0.0,0.0,0.0,0.0
Winter 2019,3443,2019-02-22,1,1,1,1,0.0,0.0,0.4,0.0,0.13333333333333333,0.06666666666666667,0.4,0.0,0.0
Winter 2019,3443,2019-03-07,1,1,0,0,0.03333333333333333,0.0,0.8,0.06666666666666667,0.03333333333333333,0.0,0.06666666666666667,0.0,0.0
Winter 2019,3443,2019-03-15,1,1,0,0,0.0,0.0,0.9333333333333333,0.0,0.0,0.0,0.06666666666666667,0.0,0.0
Winter 2019,3443,2019-03-29,1,1,0,0,0.0,0.0,0.8666666666666667,0.0,0.13333333333333333,0.0,0.0,0.0,0.0
Winter 2019,3443,2019-04-05,1,1,0,0,0.0,0.0,0.8666666666666667,0.0,0.06666666666666667,0.0,0.06666666666666667,0.0,0.0
Winter 2019,5246,2019-03-15,1,1,1,1,0.03333333333333333,0.0,0.9333333333333333,0.0,0.03333333333333333,0.0,0.0,0.0,0.0
Winter 2019,5246,2019-03-29,1,1,0,0,0.0,0.0,0.8666666666666667,0.0,0.13333333333333333,0.0,0.0,0.0,0.0
Winter 2019,5246,2019-04-05,1,1,0,0,0.0,0.0,0.8666666666666667,0.0,0.13333333333333333,0.0,0.0,0.0,0.0
Winter 2019,5250,2019-02-15,1,1,0,0,0.06666666666666667,0.0,0.9333333333333333,0.0,0.0,0.0,0.0,0.0,0.0
Winter 2019,5250,2019-02-22,1,1,0,0,0.0,0.0,0.8666666666666667,0.0,0.13333333333333333,0.0,0.0,0.0,0.0
Winter 2019,5250,2019-03-15,1,1,0,0,0.06666666666666667,0.0,0.9333333333333333,0.0,0.0,0.0,0.0,0.0,0.0
Winter 2019,5250,2019-03-29,1,1,0,0,0.06666666666666667,0.0,0.8666666666666667,0.0,0.06666666666666667,0.0,0.0,0.0,0.0
Winter 2019,5250,2019-04-05,1,1,0,0,0.0,0.0,1.0,0.0,0.0,0.0,0.0,0.0,0.0
Winter 2019,8508,2019-02-15,1,1,1,2,0.0,0.0,0.4666666666666667,0.0,0.0,0.0,0.5333333333333333,0.0,0.0
Winter 2019,8508,2019-03-07,1,1,1,1,0.06666666666666667,0.0,0.9333333333333333,0.0,0.0,0.0,0.0,0.0,0.0
Winter 2019,8508,2019-03-15,1,1,0,0,0.1,0.0,0.7,0.0,0.03333333333333333,0.0,0.06666666666666667,0.1,0.0
Winter 2019,8508,2019-03-29,1,1,1,2,0.13333333333333333,0.0,0.6666666666666666,0.0,0.0,0.0,0.2,0.0,0.0
Winter 2019,8508,2019-04-05,1,1,1,1,0.03333333333333333,0.0,0.8666666666666667,0.0,0.0,0.03333333333333333,0.03333333333333333,0.03333333333333333,0.0
Winter 2019,8510,2019-02-15,1,1,0,0,0.0,0.0,0.9333333333333333,0.0,0.0,0.0,0.06666666666666667,0.0,0.0
Winter 2019,8510,2019-02-22,1,1,0,0,0.0,0.0,0.4,0.0,0.0,0.0,0.5333333333333333,0.06666666666666667,0.0
Winter 2019,8510,2019-03-07,1,1,1,1,0.0,0.0,1.0,0.0,0.0,0.0,0.0,0.0,0.0
Winter 2019,8510,2019-03-15,1,1,0,0,0.1,0.0,0.8333333333333334,0.0,0.03333333333333333,0.0,0.0,0.03333333333333333,0.0
Winter 2019,8510,2019-03-29,1,1,0,0,0.0,0.0,0.8666666666666667,0.0,0.06666666666666667,0.0,0.06666666666666667,0.0,0.0
Summer 2019,5865,2019-07-04,1,1,0,0,0.0,,0.85,,0.1,0.05,0.0,0.0,0.0
Summer 2019,5854,2019-07-04,1,1,1,1,0.0,,0.75,,0.05,0.2,0.0,0.0,0.0
Summer 2019,8520,2019-07-04,1,1,0,0,0.0,,0.9,,0.0,0.1,0.0,0.0,0.0
Summer 2019,419,2019-07-04,1,1,0,0,0.0,,0.7,,0.3,0.0,0.0,0.0,0.0
Summer 2019,5854,2019-07-05,1,1,1,1,0.08,,0.4,,0.08,0.24,0.16,0.04,0.0
Summer 2019,8536,2019-07-05,1,1,0,0,0.0,,0.36,,0.16,0.36,0.04,0.08,0.0
Summer 2019,5258,2019-07-05,1,1,1,1,0.32,,0.32,,0.04,0.32,0.0,0.0,0.0
Summer 2019,5169,2019-07-05,1,1,0,0,0.0,,0.6,,0.1,0.2,0.0,0.1,0.0
Summer 2019,5857,2019-07-05,1,1,0,0,0.0,,0.2,,0.0,0.8,0.0,0.0,0.0
Summer 2019,419,2019-07-05,1,1,0,0,0.0,,0.7,,0.2,0.1,0.0,0.0,0.0
Summer 2019,5865,2019-07-12,1,1,0,0,0.0,,0.6333333333333333,,0.03333333333333333,0.3,0.03333333333333333,0.0,0.0
Summer 2019,419,2019-07-12,1,1,0,0,0.0,,0.8620689655172413,,0.06896551724137931,0.06896551724137931,0.0,0.0,0.0
Summer 2019,5169,2019-07-12,1,1,0,0,0.0,,0.6896551724137931,,0.13793103448275862,0.1724137931034483,0.0,0.0,0.0
Summer 2019,5258,2019-07-12,1,1,0,0,0.0,,0.48148148148148145,,0.3333333333333333,0.14814814814814814,0.0,0.037037037037037035,0.0
Summer 2019,8536,2019-07-12,1,1,0,0,0.0,,0.8571428571428571,,0.14285714285714285,0.0,0.0,0.0,0.0
Summer 2019,8520,2019-07-12,1,1,1,1,0.0,,0.5,,0.07142857142857142,0.2857142857142857,0.14285714285714285,0.0,0.0
Summer 2019,5854,2019-07-18,1,1,1,2,0.06666666666666667,,0.7666666666666667,,0.0,0.16666666666666666,0.0,0.0,0.0
Summer 2019,8520,2019-07-18,1,1,1,1,0.03333333333333333,,0.6,,0.16666666666666666,0.1,0.06666666666666667,0.03333333333333333,0.0
Summer 2019,5857,2019-07-18,1,1,1,2,0.03333333333333333,,0.8333333333333334,,0.06666666666666667,0.03333333333333333,0.0,0.03333333333333333,0.0
Summer 2019,8536,2019-07-18,1,1,1,2,0.0,,0.8333333333333334,,0.13333333333333333,0.0,0.03333333333333333,0.0,0.0
Summer 2019,5258,2019-07-18,1,1,0,0,0.2,,0.3333333333333333,,0.26666666666666666,0.2,0.0,0.0,0.0
Summer 2019,5169,2019-07-18,1,1,0,0,0.0,,0.6666666666666666,,0.06666666666666667,0.26666666666666666,0.0,0.0,0.0
Summer 2019,419,2019-07-18,1,1,1,1,0.0,,0.8666666666666667,,0.06666666666666667,0.0,0.06666666666666667,0.0,0.0
Summer 2019,5865,2019-07-18,1,1,1,1,0.0,,0.6,,0.0,0.06666666666666667,0.26666666666666666,0.0,0.0
Summer 2019,5854,2019-07-25,1,1,0,0,0.1,,0.6333333333333333,,0.2,0.06666666666666667,0.0,0.0,0.06666666666666667
Summer 2019,5865,2019-07-25,1,1,0,0,0.0,,0.7666666666666667,,0.2,0.03333333333333333,0.0,0.0,0.0
Summer 2019,8536,2019-07-25,1,1,0,0,0.03333333333333333,,0.6666666666666666,,0.1,0.1,0.03333333333333333,0.06666666666666667,0.0
Summer 2019,5857,2019-07-25,1,1,0,0,0.0,,1.0,,0.0,0.0,0.0,0.0,0.0
Summer 2019,419,2019-07-25,1,1,1,1,0.0,,0.8666666666666667,,0.13333333333333333,0.0,0.0,0.0,0.0
Summer 2019,8520,2019-07-25,1,1,0,0,0.06666666666666667,,0.26666666666666666,,0.26666666666666666,0.2,0.2,0.0,0.0
Summer 2019,8520,2019-08-02,1,1,0,0,0.0,,0.6,,0.2,0.16666666666666666,0.03333333333333333,0.0,0.0
Summer 2019,419,2019-08-02,1,1,0,0,0.0,,0.8333333333333334,,0.1,0.03333333333333333,0.03333333333333333,0.0,0.0
Summer 2019,5857,2019-08-02,1,1,0,0,0.0,,0.7,,0.13333333333333333,0.1,0.0,0.06666666666666667,0.0
Summer 2019,5854,2019-08-02,1,1,0,0,0.0,,0.9333333333333333,,0.06666666666666667,0.0,0.0,0.0,0.0
Summer 2019,5258,2019-08-02,1,1,0,0,0.0,,0.6,,0.4,0.0,0.0,0.0,0.0
Summer 2019,5865,2019-08-02,1,1,0,0,0.0,,0.7333333333333333,,0.26666666666666666,0.0,0.0,0.0,0.0
Summer 2019,5854,2019-08-02,1,1,0,0,0.0,,0.5333333333333333,,0.06666666666666667,0.06666666666666667,0.26666666666666666,0.06666666666666667,0.0
Summer 2019,8520,2019-08-08,1,1,0,0,0.03333333333333333,,0.4666666666666667,,0.3333333333333333,0.06666666666666667,0.06666666666666667,0.0,0.0
Summer 2019,5854,2019-08-08,1,1,0,0,0.0,,0.6,,0.2,0.0,0.16666666666666666,0.03333333333333333,0.03333333333333333
Summer 2019,8536,2019-08-08,1,1,0,0,0.0,,0.8,,0.06666666666666667,0.0,0.0,0.13333333333333333,0.0
Summer 2019,5169,2019-08-08,0,0,0,0,0.0,,1.0,,0.0,0.0,0.0,0.0,0.0
Summer 2019,5258,2019-08-08,1,1,0,0,0.0,,0.8666666666666667,,0.13333333333333333,0.0,0.0,0.0,0.0
Summer 2019,5865,2019-08-08,1,1,0,0,0.0,,0.8666666666666667,,0.13333333333333333,0.0,0.0,0.0,0.0
Summer 2019,419,2019-08-08,1,1,1,1,0.0,,0.8666666666666667,,0.06666666666666667,0.06666666666666667,0.0,0.0,0.0
Summer 2019,419,2019-08-16,1,1,1,2,0.13333333333333333,,0.7666666666666667,,0.06666666666666667,0.0,0.03333333333333333,0.0,0.0
Summer 2019,5865,2019-08-16,1,1,0,0,0.03333333333333333,,0.8666666666666667,,0.06666666666666667,0.0,0.03333333333333333,0.0,0.0
Summer 2019,5169,2019-08-16,0,0,0,0,0.03333333333333333,,0.7333333333333333,,0.23333333333333334,0.0,0.0,0.0,0.0
Summer 2019,5857,2019-08-16,1,1,0,0,0.0,,0.6666666666666666,,0.26666666666666666,0.06666666666666667,0.0,0.0,0.0
Summer 2019,8536,2019-08-16,1,1,0,0,0.0,,0.9333333333333333,,0.0,0.0,0.0,0.06666666666666667,0.0
Summer 2019,5854,2019-08-16,1,1,0,0,0.0,,0.7333333333333333,,0.13333333333333333,0.06666666666666667,0.0,0.06666666666666667,0.0
Summer 2019,8520,2019-08-16,1,1,0,0,0.06666666666666667,,0.5333333333333333,,0.2,0.13333333333333333,0.06666666666666667,0.0,0.0
Summer 2019,419,2019-08-23,1,1,0,0,0.03333333333333333,,0.6666666666666666,,0.2,0.03333333333333333,0.03333333333333333,0.03333333333333333,0.0
Summer 2019,8520,2019-08-23,1,1,0,0,0.0,,0.8666666666666667,,0.06666666666666667,0.03333333333333333,0.0,0.03333333333333333,0.0
Summer 2019,5857,2019-08-23,1,1,1,1,0.0,,0.7666666666666667,,0.1,0.1,0.0,0.03333333333333333,0.0
Summer 2019,5169,2019-08-23,0,0,0,0,0.03333333333333333,,0.43333333333333335,,0.23333333333333334,0.1,0.2,0.0,0.0
Summer 2019,8536,2019-08-23,1,1,0,0,0.0,,1.0,,0.0,0.0,0.0,0.0,0.0
Summer 2019,5854,2019-08-23,1,1,0,0,0.0,,0.5333333333333333,,0.26666666666666666,0.13333333333333333,0.06666666666666667,0.0,0.0
Summer 2019,5865,2019-08-23,1,1,0,0,0.0,,0.9333333333333333,,0.06666666666666667,0.0,0.0,0.0,0.0
Fall 2019,8517,2019-12-12,1,1,0,0,0.0,0.0,1.0,0.0,0.0,0.0,0.0,0.0,0.0
Fall 2019,8526,2019-12-12,1,1,0,0,0.0,0.0,0.5555555555555556,0.0,0.4444444444444444,0.0,0.0,0.0,0.0
Fall 2019,8527,2019-12-12,1,1,1,1,0.0,0.0,0.7777777777777778,0.0,0.2222222222222222,0.0,0.0,0.0,0.0
Fall 2019,2057,2019-12-12,1,1,0,0,0.0,0.0,0.8888888888888888,0.0,0.0,0.0,0.1111111111111111,0.0,0.0
Fall 2019,5854,2019-12-12,1,1,0,0,0.0,0.0,0.7777777777777778,0.0,0.1111111111111111,0.0,0.1111111111111111,0.0,0.0
Fall 2019,5865,2019-12-12,1,1,1,1,0.0,0.0,0.7777777777777778,0.0,0.1111111111111111,0.0,0.0,0.1111111111111111,0.0
Fall 2019,2062,2019-12-12,1,1,1,1,0.0,0.0,0.7777777777777778,0.0,0.2222222222222222,0.0,0.0,0.0,0.0
Fall 2019,2041,2019-12-12,1,1,0,0,0.2222222222222222,0.0,0.6666666666666666,0.0,0.1111111111111111,0.0,0.0,0.0,0.0
Fall 2019,2066,2019-12-12,1,1,1,1,0.1111111111111111,0.0,0.5555555555555556,0.0,0.1111111111111111,0.0,0.2222222222222222,0.0,0.0
Fall 2019,5879,2019-12-12,1,1,1,1,0.1111111111111111,0.0,0.7777777777777778,0.0,0.1111111111111111,0.0,0.0,0.0,0.0
Fall 2019,3444,2019-12-12,1,1,1,1,0.1111111111111111,0.0,0.3333333333333333,0.0,0.4444444444444444,0.0,0.1111111111111111,0.0,0.0
Fall 2019,2081,2019-12-12,1,1,0,0,0.0,0.0,0.7777777777777778,0.0,0.2222222222222222,0.0,0.0,0.0,0.0
Fall 2019,5875,2019-12-12,1,1,1,1,0.2222222222222222,0.0,0.7777777777777778,0.0,0.0,0.0,0.0,0.0,0.0
Fall 2019,5874,2019-12-12,1,1,1,1,0.0,0.0,0.6666666666666666,0.0,0.3333333333333333,0.0,0.0,0.0,0.0
Fall 2019,8517,2019-12-13,1,1,0,0,0.1111111111111111,0.0,0.5555555555555556,0.0,0.2222222222222222,0.0,0.0,0.1111111111111111,0.0
Fall 2019,8526,2019-12-13,1,1,0,0,0.0,0.0,0.6666666666666666,0.0,0.2222222222222222,0.0,0.0,0.1111111111111111,0.0
Fall 2019,8527,2019-12-13,1,1,0,0,0.1111111111111111,0.0,0.7777777777777778,0.0,0.1111111111111111,0.0,0.0,0.0,0.0
Fall 2019,3437,2019-12-13,1,1,0,0,0.2222222222222222,0.0,0.4444444444444444,0.0,0.2222222222222222,0.0,0.0,0.1111111111111111,0.0
Fall 2019,5854,2019-12-13,1,1,0,0,0.2222222222222222,0.0,0.3333333333333333,0.0,0.4444444444444444,0.0,0.0,0.0,0.0
Fall 2019,5865,2019-12-13,1,1,1,1,0.0,0.0,1.0,0.0,0.0,0.0,0.0,0.0,0.0
Fall 2019,2062,2019-12-13,1,1,1,1,0.0,0.0,0.7777777777777778,0.0,0.2222222222222222,0.0,0.0,0.0,0.0
Fall 2019,2041,2019-12-13,1,1,0,0,0.2222222222222222,0.0,0.5555555555555556,0.0,0.1111111111111111,0.0,0.0,0.1111111111111111,0.0
Fall 2019,2066,2019-12-13,1,1,0,0,0.0,0.0,0.8888888888888888,0.0,0.1111111111111111,0.0,0.0,0.0,0.0
Fall 2019,3444,2019-12-13,1,1,1,1,0.0,0.0,0.8888888888888888,0.0,0.1111111111111111,0.0,0.0,0.0,0.0
Fall 2019,2081,2019-12-13,1,1,0,0,0.1111111111111111,0.0,0.8888888888888888,0.0,0.0,0.0,0.0,0.0,0.0
Fall 2019,5875,2019-12-13,1,1,1,1,0.2222222222222222,0.0,0.7777777777777778,0.0,0.0,0.0,0.0,0.0,0.0
Fall 2019,5874,2019-12-13,1,1,0,0,0.0,0.0,0.8888888888888888,0.0,0.1111111111111111,0.0,0.0,0.0,0.0
Fall 2021,8533,2021-11-01,0,0,0,0,0.0,0.0,0.3333333333333333,0.0,0.0,0.3333333333333333,0.3333333333333333,0.0,0.0
Fall 2021,2041,2021-11-01,0,0,0,0,0.0,0.0,0.6666666666666666,0.3333333333333333,0.0,0.0,0.0,0.0,0.0
Fall 2021,7443,2021-11-01,0,0,0,0,0.0,0.0,0.5,0.0,0.5,0.0,0.0,0.0,0.0
Fall 2021,8517,2021-11-01,0,0,0,0,0.0,0.0,0.3333333333333333,0.3333333333333333,0.0,0.0,0.3333333333333333,0.0,0.0
Fall 2021,8539,2021-11-01,0,0,0,0,0.0,0.0,0.6666666666666666,0.0,0.0,0.3333333333333333,0.0,0.0,0.0
Fall 2021,8528,2021-11-01,0,0,0,0,0.0,0.0,0.5,0.0,0.5,0.0,0.0,0.0,0.0
Fall 2021,8057,2021-11-01,0,0,0,0,0.0,0.0,0.0,0.3333333333333333,0.3333333333333333,0.3333333333333333,0.0,0.0,0.0
Fall 2021,8063,2021-11-01,0,0,0,0,0.0,0.0,0.0,0.0,0.5,0.0,0.5,0.0,0.0
Fall 2021,8061,2021-11-01,0,0,0,0,0.0,0.0,0.0,0.5,0.5,0.0,0.0,0.0,0.0
Fall 2021,2210,2021-11-01,0,0,0,0,0.0,0.0,0.6666666666666666,0.0,0.3333333333333333,0.0,0.0,0.0,0.0
Fall 2021,8557,2021-11-01,0,0,0,0,0.0,0.0,0.5,0.5,0.0,0.0,0.0,0.0,0.0
Fall 2021,8548,2021-11-01,0,0,0,0,0.0,0.0,0.5,0.0,0.5,0.0,0.0,0.0,0.0
Fall 2021,8089,2021-11-01,0,0,0,0,0.0,0.0,0.0,0.0,0.6666666666666666,0.3333333333333333,0.0,0.0,0.0
Fall 2021,8096,2021-11-01,0,0,0,0,0.0,0.0,0.5,0.0,0.5,0.0,0.0,0.0,0.0
Fall 2021,8099,2021-11-01,0,0,0,0,0.5,0.0,0.0,0.0,0.5,0.0,0.0,0.0,0.0
Fall 2021,8076,2021-11-01,0,0,0,0,0.0,0.0,0.0,0.3333333333333333,0.3333333333333333,0.0,0.3333333333333333,0.0,0.0
Fall 2021,8086,2021-11-01,0,0,0,0,0.5,0.0,0.5,0.0,0.0,0.0,0.0,0.0,0.0
Fall 2021,8080,2021-11-01,0,0,0,0,0.0,0.0,0.5,0.5,0.0,0.0,0.0,0.0,0.0
Fall 2021,8533,2021-11-03,0,0,0,0,0.25,0.0,0.25,0.0,0.25,0.0,0.25,0.0,0.0
Fall 2021,2041,2021-11-03,0,0,0,0,0.0,0.0,1.0,0.0,0.0,0.0,0.0,0.0,0.0
Fall 2021,7443,2021-11-03,0,0,0,0,0.0,0.0,1.0,0.0,0.0,0.0,0.0,0.0,0.0
Fall 2021,8539,2021-11-03,0,0,0,0,0.0,0.0,0.8,0.0,0.0,0.2,0.0,0.0,0.0
Fall 2021,8528,2021-11-03,0,0,0,0,0.2,0.0,0.6,0.0,0.0,0.0,0.2,0.0,0.0
Fall 2021,8517,2021-11-03,0,0,0,0,0.0,0.0,1.0,0.0,0.0,0.0,0.0,0.0,0.0
Fall 2021,8063,2021-11-03,0,0,0,0,0.0,0.0,0.0,0.0,0.6,0.2,0.2,0.0,0.0
Fall 2021,8057,2021-11-03,0,0,0,0,0.0,0.0,0.2,0.0,0.0,0.6,0.2,0.0,0.0
Fall 2021,8061,2021-11-03,0,0,0,0,0.2,0.0,0.2,0.0,0.2,0.4,0.0,0.0,0.0
Fall 2021,8548,2021-11-03,0,0,0,0,0.0,0.0,0.6,0.2,0.0,0.2,0.0,0.0,0.0
Fall 2021,8557,2021-11-03,0,0,0,0,0.0,0.0,0.25,0.25,0.0,0.5,0.0,0.0,0.0
Fall 2021,2210,2021-11-03,0,0,0,0,0.2,0.0,0.6,0.0,0.2,0.0,0.0,0.0,0.0
Fall 2021,8089,2021-11-03,0,0,0,0,0.2,0.0,0.4,0.4,0.0,0.0,0.0,0.0,0.0
Fall 2021,8096,2021-11-03,0,0,0,0,0.25,0.0,0.25,0.0,0.0,0.0,0.25,0.25,0.0
Fall 2021,8099,2021-11-03,0,0,0,0,0.4,0.0,0.2,0.0,0.2,0.2,0.0,0.0,0.0
Fall 2021,8076,2021-11-03,0,0,0,0,0.2,0.0,0.2,0.2,0.0,0.4,0.0,0.0,0.0
Fall 2021,8080,2021-11-03,0,0,0,0,0.2,0.0,0.4,0.0,0.2,0.2,0.0,0.0,0.0
Fall 2021,8086,2021-11-03,0,0,0,0,0.4,0.0,0.6,0.0,0.0,0.0,0.0,0.0,0.0
Fall 2021,8525,2021-11-04,0,0,0,0,0.0,0.0,0.6,0.4,0.0,0.0,0.0,0.0,0.0
Fall 2021,8505,2021-11-04,0,0,0,0,0.0,0.0,0.8,0.0,0.2,0.0,0.0,0.0,0.0
Fall 2021,5875,2021-11-04,0,0,0,0,0.0,0.0,0.6,0.4,0.0,0.0,0.0,0.0,0.0
Fall 2021,8537,2021-11-04,0,0,0,0,0.2,0.0,0.6,0.0,0.0,0.0,0.0,0.2,0.0
Fall 2021,8536,2021-11-04,0,0,0,0,0.0,0.0,0.4,0.2,0.4,0.0,0.0,0.0,0.0
Fall 2021,8529,2021-11-04,0,0,0,0,0.0,0.0,0.2,0.8,0.0,0.0,0.0,0.0,0.0
Fall 2021,8065,2021-11-04,0,0,0,0,0.2,0.0,0.2,0.0,0.0,0.6,0.0,0.0,0.0
Fall 2021,8562,2021-11-04,0,0,0,0,0.2,0.0,0.2,0.0,0.0,0.6,0.0,0.0,0.0
Fall 2021,725,2021-11-04,0,0,0,0,0.0,0.0,0.8,0.0,0.0,0.2,0.0,0.0,0.0
Fall 2021,2208,2021-11-04,0,0,0,0,0.0,0.0,0.4,0.6,0.0,0.0,0.0,0.0,0.0
Fall 2021,2213,2021-11-04,0,0,0,0,0.0,0.0,0.2,0.0,0.8,0.0,0.0,0.0,0.0
Fall 2021,8054,2021-11-04,0,0,0,0,0.0,0.0,0.4,0.2,0.0,0.4,0.0,0.0,0.0
Fall 2021,8090,2021-11-04,0,0,0,0,0.2,0.0,0.2,0.4,0.2,0.0,0.0,0.0,0.0
Fall 2021,8110,2021-11-04,0,0,0,0,0.25,0.0,0.25,0.25,0.0,0.25,0.0,0.0,0.0
Fall 2021,8106,2021-11-04,0,0,0,0,0.0,0.0,0.6,0.2,0.0,0.0,0.2,0.0,0.0
Fall 2021,8082,2021-11-04,0,0,0,0,0.4,0.0,0.4,0.2,0.0,0.0,0.0,0.0,0.0
Fall 2021,8056,2021-11-04,0,0,0,0,0.4,0.0,0.2,0.2,0.2,0.0,0.0,0.0,0.0
Fall 2021,8079,2021-11-04,0,0,0,0,0.0,0.0,0.4,0.2,0.2,0.2,0.0,0.0,0.0
Fall 2021,2041,2021-11-05,0,0,0,0,0.0,0.0,1.0,0.0,0.0,0.0,0.0,0.0,0.0
Fall 2021,8533,2021-11-05,0,0,0,0,0.0,0.0,1.0,0.0,0.0,0.0,0.0,0.0,0.0
Fall 2021,7443,2021-11-05,0,0,0,0,0.0,0.0,0.8,0.0,0.2,0.0,0.0,0.0,0.0
Fall 2021,8539,2021-11-05,0,0,0,0,0.0,0.0,0.8,0.0,0.0,0.0,0.0,0.2,0.0
Fall 2021,8517,2021-11-05,0,0,0,0,0.2,0.0,0.2,0.2,0.2,0.2,0.0,0.0,0.0
Fall 2021,8528,2021-11-05,0,0,0,0,0.0,0.0,0.8,0.0,0.2,0.0,0.0,0.0,0.0
Fall 2021,8063,2021-11-05,0,0,0,0,0.4,0.0,0.2,0.0,0.2,0.0,0.0,0.2,0.0
Fall 2021,8057,2021-11-05,0,0,0,0,0.2,0.0,0.2,0.4,0.2,0.0,0.0,0.0,0.0
Fall 2021,8061,2021-11-05,0,0,0,0,0.0,0.0,0.0,0.8,0.2,0.0,0.0,0.0,0.0
Fall 2021,8557,2021-11-05,0,0,0,0,0.0,0.0,0.2,0.6,0.2,0.0,0.0,0.0,0.0
Fall 2021,2210,2021-11-05,0,0,0,0,0.0,0.0,0.6,0.4,0.0,0.0,0.0,0.0,0.0
Fall 2021,8548,2021-11-05,0,0,0,0,0.2,0.0,0.6,0.0,0.0,0.0,0.0,0.2,0.0
Fall 2021,8096,2021-11-05,0,0,0,0,0.2,0.0,0.0,0.4,0.0,0.0,0.2,0.2,0.0
Fall 2021,8089,2021-11-05,0,0,0,0,0.4,0.0,0.2,0.0,0.2,0.0,0.0,0.0,0.2
Fall 2021,8099,2021-11-05,0,0,0,0,0.4,0.0,0.0,0.0,0.0,0.0,0.4,0.2,0.0
Fall 2021,8086,2021-11-05,0,0,0,0,0.4,0.0,0.0,0.4,0.0,0.0,0.2,0.0,0.0
Fall 2021,8076,2021-11-05,0,0,0,0,0.0,0.0,0.0,0.4,0.0,0.0,0.4,0.2,0.0
Fall 2021,8080,2021-11-05,0,0,0,0,0.0,0.0,0.6,0.4,0.0,0.0,0.0,0.0,0.0
Fall 2021,2041,2021-11-08,0,0,0,0,0.0,0.0,0.2,0.4,0.2,0.0,0.1,0.1,0.0
Fall 2021,8533,2021-11-08,0,0,0,0,0.2,0.0,0.1,0.2,0.1,0.0,0.2,0.2,0.0
Fall 2021,7443,2021-11-08,0,0,0,0,0.0,0.0,0.3,0.1,0.1,0.1,0.1,0.3,0.0
Fall 2021,8539,2021-11-08,0,0,0,0,0.1,0.0,0.1,0.3,0.0,0.2,0.3,0.0,0.0
Fall 2021,8517,2021-11-08,0,0,0,0,0.1,0.0,0.2,0.0,0.1,0.3,0.2,0.0,0.1
Fall 2021,8528,2021-11-08,0,0,0,0,0.0,0.0,0.0,0.3,0.3,0.2,0.1,0.1,0.0
Fall 2021,8063,2021-11-08,0,0,0,0,0.1,0.0,0.4,0.1,0.1,0.3,0.0,0.0,0.0
Fall 2021,8057,2021-11-08,0,0,0,0,0.1,0.0,0.6,0.2,0.1,0.0,0.0,0.0,0.0
Fall 2021,8061,2021-11-08,0,0,0,0,0.1,0.0,0.1,0.2,0.4,0.0,0.1,0.1,0.0
Fall 2021,8557,2021-11-08,0,0,0,0,0.0,0.0,0.3,0.2,0.0,0.1,0.2,0.2,0.0
Fall 2021,2210,2021-11-08,0,0,0,0,0.3,0.0,0.2,0.0,0.1,0.1,0.2,0.1,0.0
Fall 2021,8548,2021-11-08,0,0,0,0,0.3,0.0,0.2,0.3,0.0,0.2,0.0,0.0,0.0
Fall 2021,8096,2021-11-08,0,0,0,0,0.2,0.0,0.2,0.2,0.0,0.1,0.3,0.0,0.0
Fall 2021,8089,2021-11-08,0,0,0,0,0.4,0.0,0.1,0.2,0.1,0.0,0.1,0.1,0.0
Fall 2021,8099,2021-11-08,0,0,0,0,0.0,0.0,0.4,0.3,0.1,0.0,0.2,0.0,0.0
Fall 2021,8086,2021-11-08,0,0,0,0,0.1,0.0,0.2,0.4,0.0,0.1,0.1,0.1,0.0
Fall 2021,8076,2021-11-08,0,0,0,0,0.0,0.0,0.7,0.2,0.1,0.0,0.0,0.0,0.0
Fall 2021,8080,2021-11-08,0,0,0,0,0.0,0.0,0.3,0.2,0.5,0.0,0.0,0.0,0.0
Fall 2021,8525,2021-11-11,0,0,0,0,0.0,0.0,0.3,0.2,0.0,0.4,0.1,0.0,0.0
Fall 2021,8505,2021-11-11,0,0,0,0,0.1,0.0,0.1,0.1,0.4,0.3,0.0,0.0,0.0
Fall 2021,5875,2021-11-11,0,0,0,0,0.0,0.0,0.3,0.1,0.2,0.3,0.1,0.0,0.0
Fall 2021,8537,2021-11-11,0,0,0,0,0.2,0.0,0.1,0.1,0.0,0.2,0.3,0.1,0.0
Fall 2021,8536,2021-11-11,0,0,0,0,0.1,0.0,0.0,0.1,0.2,0.3,0.2,0.1,0.0
Fall 2021,8529,2021-11-11,0,0,0,0,0.2,0.0,0.2,0.1,0.0,0.5,0.0,0.0,0.0
Fall 2021,8562,2021-11-11,0,0,0,0,0.5,0.0,0.0,0.1,0.1,0.1,0.2,0.0,0.0
Fall 2021,8065,2021-11-11,0,0,0,0,0.2,0.0,0.3,0.1,0.0,0.1,0.3,0.0,0.0
Fall 2021,725,2021-11-11,0,0,0,0,0.0,0.0,0.125,0.125,0.5,0.125,0.125,0.0,0.0
Fall 2021,8054,2021-11-11,0,0,0,0,0.1,0.0,0.4,0.2,0.1,0.2,0.0,0.0,0.0
Fall 2021,2213,2021-11-11,0,0,0,0,0.2,0.0,0.1,0.1,0.4,0.1,0.1,0.0,0.0
Fall 2021,2208,2021-11-11,0,0,0,0,0.4,0.0,0.1,0.1,0.3,0.0,0.1,0.0,0.0
Fall 2021,8110,2021-11-11,0,0,0,0,0.2,0.0,0.2,0.1,0.3,0.1,0.1,0.0,0.0
Fall 2021,8106,2021-11-11,0,0,0,0,0.1,0.0,0.4,0.2,0.1,0.1,0.0,0.1,0.0
Fall 2021,8090,2021-11-11,0,0,0,0,0.2,0.0,0.1,0.0,0.1,0.5,0.1,0.0,0.0
Fall 2021,8079,2021-11-11,0,0,0,0,0.1,0.0,0.2,0.1,0.3,0.3,0.0,0.0,0.0
Fall 2021,8082,2021-11-11,0,0,0,0,0.0,0.0,0.3,0.4,0.0,0.2,0.1,0.0,0.0
Fall 2021,8056,2021-11-11,0,0,0,0,0.2,0.0,0.7,0.1,0.0,0.0,0.0,0.0,0.0
Fall 2021,8539,2021-11-12,0,0,0,0,0.0,0.0,0.6,0.4,0.0,0.0,0.0,0.0,0.0
Fall 2021,8517,2021-11-12,0,0,0,0,0.0,0.0,0.8,0.0,0.2,0.0,0.0,0.0,0.0
Fall 2021,8528,2021-11-12,0,0,0,0,0.2,0.0,0.2,0.2,0.2,0.2,0.0,0.0,0.0
Fall 2021,8063,2021-11-12,0,0,0,0,,,,,,,,,
Fall 2021,8057,2021-11-12,0,0,0,0,,,,,,,,,
Fall 2021,8061,2021-11-12,0,0,0,0,,,,,,,,,
Fall 2021,8557,2021-11-12,0,0,0,0,0.0,0.0,0.0,0.2,0.2,0.6,0.0,0.0,0.0
Fall 2021,2210,2021-11-12,0,0,0,0,0.0,0.0,0.8,0.0,0.0,0.0,0.2,0.0,0.0
Fall 2021,8548,2021-11-12,0,0,0,0,0.2,0.0,0.2,0.0,0.4,0.0,0.2,0.0,0.0
Fall 2021,8096,2021-11-12,0,0,0,0,0.2,0.0,0.4,0.0,0.2,0.0,0.0,0.0,0.2
Fall 2021,8089,2021-11-12,0,0,0,0,0.4,0.0,0.0,0.0,0.2,0.2,0.0,0.2,0.0
Fall 2021,8099,2021-11-12,0,0,0,0,0.2,0.0,0.2,0.4,0.2,0.0,0.0,0.0,0.0
Fall 2021,8086,2021-11-12,0,0,0,0,0.0,0.0,0.2,0.2,0.4,0.2,0.0,0.0,0.0
Fall 2021,8076,2021-11-12,0,0,0,0,0.0,0.0,0.6,0.2,0.0,0.2,0.0,0.0,0.0
Fall 2021,8080,2021-11-12,0,0,0,0,0.6,0.0,0.2,0.2,0.0,0.0,0.0,0.0,0.0
Fall 2021,2041,2021-11-12,0,0,0,0,0.0,0.0,0.8,0.0,0.2,0.0,0.0,0.0,0.0
Fall 2021,8533,2021-11-12,0,0,0,0,,,,,,,,,
Fall 2021,7443,2021-11-12,0,0,0,0,0.0,0.0,0.2,0.2,0.4,0.2,0.0,0.0,0.0
Fall 2021,8063,2021-11-15,0,0,0,0,0.25,0.0,0.0,0.25,0.25,0.0,0.25,0.0,0.0
Fall 2021,8057,2021-11-15,0,0,0,0,0.14285714285714285,0.0,0.2857142857142857,0.2857142857142857,0.0,0.0,0.14285714285714285,0.14285714285714285,0.0
Fall 2021,8061,2021-11-15,0,0,0,0,0.2857142857142857,0.0,0.2857142857142857,0.0,0.14285714285714285,0.14285714285714285,0.14285714285714285,0.0,0.0
Fall 2021,8557,2021-11-15,0,0,0,0,0.0,0.0,0.5,0.125,0.0,0.0,0.375,0.0,0.0
Fall 2021,2210,2021-11-15,0,0,0,0,0.0,0.0,0.5,0.375,0.125,0.0,0.0,0.0,0.0
Fall 2021,8548,2021-11-15,0,0,0,0,0.0,0.0,0.375,0.25,0.125,0.125,0.125,0.0,0.0
Fall 2021,8096,2021-11-15,0,0,0,0,0.0,0.0,0.625,0.0,0.25,0.0,0.125,0.0,0.0
Fall 2021,8089,2021-11-15,0,0,0,0,0.0,0.0,0.5,0.25,0.125,0.0,0.0,0.125,0.0
Fall 2021,8099,2021-11-15,0,0,0,0,0.125,0.0,0.625,0.125,0.0,0.125,0.0,0.0,0.0
Fall 2021,8086,2021-11-15,0,0,0,0,0.2857142857142857,0.0,0.2857142857142857,0.14285714285714285,0.2857142857142857,0.0,0.0,0.0,0.0
Fall 2021,8076,2021-11-15,0,0,0,0,0.125,0.0,0.125,0.25,0.0,0.25,0.25,0.0,0.0
Fall 2021,8080,2021-11-15,0,0,0,0,0.0,0.0,0.375,0.25,0.125,0.125,0.125,0.0,0.0
Fall 2021,2041,2021-11-15,0,0,0,0,0.14285714285714285,0.0,0.5714285714285714,0.2857142857142857,0.0,0.0,0.0,0.0,0.0
Fall 2021,8533,2021-11-15,0,0,0,0,0.0,0.0,0.7142857142857143,0.14285714285714285,0.0,0.0,0.0,0.14285714285714285,0.0
Fall 2021,7443,2021-11-15,0,0,0,0,0.0,0.0,0.5714285714285714,0.42857142857142855,0.0,0.0,0.0,0.0,0.0
Fall 2021,8539,2021-11-15,0,0,0,0,0.0,0.0,0.125,0.5,0.375,0.0,0.0,0.0,0.0
Fall 2021,8517,2021-11-15,0,0,0,0,0.0,0.0,0.25,0.25,0.25,0.0,0.25,0.0,0.0
Fall 2021,8528,2021-11-15,0,0,0,0,0.0,0.0,0.125,0.25,0.375,0.0,0.25,0.0,0.0
Fall 2021,8562,2021-11-18,0,0,0,0,0.0,0.0,0.3,0.3,0.3,0.0,0.1,0.0,0.0
Fall 2021,8065,2021-11-18,0,0,0,0,0.0,0.0,0.1,0.5,0.0,0.3,0.0,0.1,0.0
Fall 2021,725,2021-11-18,0,0,0,0,0.2,0.0,0.3,0.0,0.1,0.3,0.1,0.0,0.0
Fall 2021,8054,2021-11-18,0,0,0,0,0.4,0.0,0.2,0.4,0.0,0.0,0.0,0.0,0.0
Fall 2021,2213,2021-11-18,0,0,0,0,0.0,0.0,0.6,0.1,0.2,0.1,0.0,0.0,0.0
Fall 2021,2208,2021-11-18,0,0,0,0,0.1,0.0,0.5,0.2,0.2,0.0,0.0,0.0,0.0
Fall 2021,8110,2021-11-18,0,0,0,0,0.2,0.0,0.3,0.3,0.1,0.1,0.0,0.0,0.0
Fall 2021,8106,2021-11-18,0,0,0,0,0.3,0.0,0.0,0.2,0.1,0.3,0.0,0.1,0.0
Fall 2021,8090,2021-11-18,0,0,0,0,0.1,0.0,0.3,0.4,0.2,0.0,0.0,0.0,0.0
Fall 2021,8079,2021-11-18,0,0,0,0,0.3,0.0,0.3,0.0,0.3,0.0,0.1,0.0,0.0
Fall 2021,8082,2021-11-18,0,0,0,0,0.3,0.0,0.1,0.3,0.3,0.0,0.0,0.0,0.0
Fall 2021,8056,2021-11-18,0,0,0,0,0.3,0.0,0.0,0.3,0.3,0.0,0.1,0.0,0.0
Fall 2021,8525,2021-11-18,0,0,0,0,0.0,0.0,0.2,0.6,0.2,0.0,0.0,0.0,0.0
Fall 2021,8505,2021-11-18,0,0,0,0,0.1,0.0,0.4,0.0,0.4,0.1,0.0,0.0,0.0
Fall 2021,5875,2021-11-18,0,0,0,0,0.1,0.0,0.4,0.4,0.1,0.0,0.0,0.0,0.0
Fall 2021,8537,2021-11-18,0,0,0,0,0.1,0.0,0.2,0.2,0.5,0.0,0.0,0.0,0.0
Fall 2021,8536,2021-11-18,0,0,0,0,0.1,0.0,0.3,0.2,0.4,0.0,0.0,0.0,0.0
Fall 2021,8529,2021-11-18,0,0,0,0,,,,,,,,,
Fall 2021,8063,2021-11-19,0,0,0,0,0.0,0.0,0.7,0.1,0.2,0.0,0.0,0.0,0.0
Fall 2021,8057,2021-11-19,0,0,0,0,0.1111111111111111,0.0,0.7777777777777778,0.1111111111111111,0.0,0.0,0.0,0.0,0.0
Fall 2021,8061,2021-11-19,0,0,0,0,,,,,,,,,
Fall 2021,8557,2021-11-19,0,0,0,0,0.0,0.0,0.8,0.2,0.0,0.0,0.0,0.0,0.0
Fall 2021,2210,2021-11-19,0,0,0,0,0.1,0.0,0.9,0.0,0.0,0.0,0.0,0.0,0.0
Fall 2021,8548,2021-11-19,0,0,0,0,0.1,0.0,0.2,0.3,0.3,0.1,0.0,0.0,0.0
Fall 2021,8096,2021-11-19,0,0,0,0,,,,,,,,,
Fall 2021,8089,2021-11-19,0,0,0,0,0.2,0.0,0.5,0.1,0.1,0.0,0.1,0.0,0.0
Fall 2021,8099,2021-11-19,0,0,0,0,0.0,0.0,0.9,0.0,0.0,0.0,0.1,0.0,0.0
Fall 2021,8086,2021-11-19,0,0,0,0,0.0,0.0,0.4444444444444444,0.2222222222222222,0.3333333333333333,0.0,0.0,0.0,0.0
Fall 2021,8076,2021-11-19,0,0,0,0,0.0,0.0,0.2222222222222222,0.5555555555555556,0.2222222222222222,0.0,0.0,0.0,0.0
Fall 2021,8080,2021-11-19,0,0,0,0,0.0,0.0,0.14285714285714285,0.5714285714285714,0.2857142857142857,0.0,0.0,0.0,0.0
Fall 2021,2041,2021-11-19,0,0,0,0,0.0,0.0,0.7,0.3,0.0,0.0,0.0,0.0,0.0
Fall 2021,8533,2021-11-19,0,0,0,0,0.0,0.0,0.4,0.0,0.4,0.0,0.0,0.1,0.1
Fall 2021,7443,2021-11-19,0,0,0,0,0.0,0.0,0.9,0.1,0.0,0.0,0.0,0.0,0.0
Fall 2021,8539,2021-11-19,0,0,0,0,0.1,0.0,0.6,0.2,0.1,0.0,0.0,0.0,0.0
Fall 2021,8517,2021-11-19,0,0,0,0,0.0,0.0,0.4,0.4,0.1,0.0,0.1,0.0,0.0
Fall 2021,8528,2021-11-19,0,0,0,0,0.0,0.0,0.3,0.2,0.3,0.0,0.1,0.1,0.0
Fall 2021,8557,2021-11-22,0,0,0,0,0.1,0.0,0.2,0.1,0.1,0.2,0.2,0.1,0.0
Fall 2021,2210,2021-11-22,0,0,0,0,0.0,0.0,0.7,0.1,0.2,0.0,0.0,0.0,0.0
Fall 2021,8548,2021-11-22,0,0,0,0,0.2,0.0,0.2,0.0,0.4,0.0,0.1,0.1,0.0
Fall 2021,8096,2021-11-22,0,0,0,0,0.2,0.0,0.1,0.1,0.2,0.0,0.4,0.0,0.0
Fall 2021,8089,2021-11-22,0,0,0,0,0.2,0.0,0.4,0.0,0.1,0.0,0.3,0.0,0.0
Fall 2021,8099,2021-11-22,0,0,0,0,0.1,0.0,0.6,0.1,0.1,0.0,0.1,0.0,0.0
Fall 2021,8086,2021-11-22,0,0,0,0,0.2,0.0,0.4,0.1,0.1,0.0,0.2,0.0,0.0
Fall 2021,8076,2021-11-22,0,0,0,0,0.1,0.0,0.1,0.3,0.1,0.1,0.3,0.0,0.0
Fall 2021,8080,2021-11-22,0,0,0,0,0.4,0.0,0.4,0.0,0.1,0.0,0.1,0.0,0.0
Fall 2021,2041,2021-11-22,0,0,0,0,0.2,0.0,0.2,0.3,0.3,0.0,0.0,0.0,0.0
Fall 2021,8533,2021-11-22,0,0,0,0,0.0,0.0,0.4,0.0,0.5,0.0,0.1,0.0,0.0
Fall 2021,7443,2021-11-22,0,0,0,0,0.0,0.0,0.8,0.2,0.0,0.0,0.0,0.0,0.0
Fall 2021,8539,2021-11-22,0,0,0,0,0.4,0.0,0.2,0.3,0.1,0.0,0.0,0.0,0.0
Fall 2021,8517,2021-11-22,0,0,0,0,0.1,0.0,0.2,0.0,0.6,0.0,0.1,0.0,0.0
Fall 2021,8528,2021-11-22,0,0,0,0,0.1,0.0,0.4,0.2,0.2,0.0,0.1,0.0,0.0
Fall 2021,8063,2021-11-22,0,0,0,0,0.3,0.0,0.1,0.1,0.0,0.2,0.3,0.0,0.0
Fall 2021,8057,2021-11-22,0,0,0,0,0.2,0.0,0.1,0.1,0.3,0.1,0.2,0.0,0.0
Fall 2021,8061,2021-11-22,0,0,0,0,0.2,0.0,0.2,0.0,0.4,0.1,0.1,0.0,0.0
Fall 2021,8054,2021-11-25,0,0,0,0,0.2,0.0,0.1,0.3,0.3,0.1,0.0,0.0,0.0
Fall 2021,2213,2021-11-25,0,0,0,0,0.1,0.0,0.3,0.3,0.2,0.1,0.0,0.0,0.0
Fall 2021,2208,2021-11-25,0,0,0,0,0.1,0.0,0.4,0.2,0.3,0.0,0.0,0.0,0.0
Fall 2021,8110,2021-11-25,0,0,0,0,0.2,0.0,0.1,0.3,0.3,0.0,0.1,0.0,0.0
Fall 2021,8106,2021-11-25,0,0,0,0,0.3,0.0,0.2,0.4,0.0,0.0,0.1,0.0,0.0
Fall 2021,8090,2021-11-25,0,0,0,0,0.1111111111111111,0.0,0.2222222222222222,0.5555555555555556,0.0,0.0,0.1111111111111111,0.0,0.0
Fall 2021,8079,2021-11-25,0,0,0,0,0.0,0.0,0.6,0.3,0.1,0.0,0.0,0.0,0.0
Fall 2021,8082,2021-11-25,0,0,0,0,0.0,0.0,0.4,0.2,0.1,0.1,0.2,0.0,0.0
Fall 2021,8056,2021-11-25,0,0,0,0,0.2,0.0,0.0,0.5,0.2,0.0,0.1,0.0,0.0
Fall 2021,8525,2021-11-25,0,0,0,0,0.1,0.0,0.1,0.4,0.4,0.0,0.0,0.0,0.0
Fall 2021,8505,2021-11-25,0,0,0,0,0.0,0.0,0.5,0.3,0.1,0.1,0.0,0.0,0.0
Fall 2021,5875,2021-11-25,0,0,0,0,0.0,0.0,0.3,0.7,0.0,0.0,0.0,0.0,0.0
Fall 2021,8537,2021-11-25,0,0,0,0,0.1,0.0,0.1,0.4,0.1,0.2,0.1,0.0,0.0
Fall 2021,8536,2021-11-25,0,0,0,0,0.0,0.0,0.5,0.3,0.1,0.1,0.0,0.0,0.0
Fall 2021,8529,2021-11-25,0,0,0,0,,,,,,,,,
Fall 2021,8562,2021-11-25,0,0,0,0,0.0,0.0,0.4,0.1,0.1,0.1,0.2,0.0,0.1
Fall 2021,8065,2021-11-25,0,0,0,0,0.3,0.0,0.1,0.2,0.0,0.2,0.2,0.0,0.0
Fall 2021,725,2021-11-25,0,0,0,0,0.1,0.0,0.1,0.7,0.1,0.0,0.0,0.0,0.0
Fall 2021,8557,2021-11-26,0,0,0,0,0.1,0.0,0.1,0.8,0.0,0.0,0.0,0.0,0.0
Fall 2021,2210,2021-11-26,0,0,0,0,,,,,,,,,
Fall 2021,8548,2021-11-26,0,0,0,0,0.1,0.0,0.3,0.3,0.2,0.0,0.0,0.1,0.0
Fall 2021,8096,2021-11-26,0,0,0,0,0.2,0.0,0.8,0.0,0.0,0.0,0.0,0.0,0.0
Fall 2021,8089,2021-11-26,0,0,0,0,0.3,0.0,0.3,0.4,0.0,0.0,0.0,0.0,0.0
Fall 2021,8099,2021-11-26,0,0,0,0,0.1111111111111111,0.0,0.4444444444444444,0.0,0.3333333333333333,0.1111111111111111,0.0,0.0,0.0
Fall 2021,8086,2021-11-26,0,0,0,0,0.0,0.0,0.2,0.4,0.0,0.0,0.4,0.0,0.0
Fall 2021,8076,2021-11-26,0,0,0,0,0.2,0.0,0.2,0.3,0.2,0.0,0.1,0.0,0.0
Fall 2021,8080,2021-11-26,0,0,0,0,0.0,0.0,0.5,0.3,0.1,0.0,0.1,0.0,0.0
Fall 2021,2041,2021-11-26,0,0,0,0,0.0,0.0,0.4,0.5,0.0,0.1,0.0,0.0,0.0
Fall 2021,8533,2021-11-26,0,0,0,0,0.1,0.0,0.6,0.3,0.0,0.0,0.0,0.0,0.0
Fall 2021,7443,2021-11-26,0,0,0,0,0.0,0.0,0.5,0.4,0.1,0.0,0.0,0.0,0.0
Fall 2021,8539,2021-11-26,0,0,0,0,0.0,0.0,0.7,0.2,0.0,0.1,0.0,0.0,0.0
Fall 2021,8517,2021-11-26,0,0,0,0,0.0,0.0,0.6,0.2,0.2,0.0,0.0,0.0,0.0
Fall 2021,8528,2021-11-26,0,0,0,0,0.1,0.0,0.3,0.3,0.2,0.0,0.0,0.1,0.0
Fall 2021,8063,2021-11-26,0,0,0,0,0.0,0.0,0.5,0.2,0.1,0.0,0.2,0.0,0.0
Fall 2021,8057,2021-11-26,0,0,0,0,0.2,0.0,0.4,0.1,0.0,0.2,0.1,0.0,0.0
Fall 2021,8061,2021-11-26,0,0,0,0,0.0,0.0,0.1,0.4,0.1,0.3,0.1,0.0,0.0
Fall 2021,8096,2021-11-29,0,0,0,0,0.0,0.0,0.4,0.3,0.0,0.0,0.3,0.0,0.0
Fall 2021,8089,2021-11-29,1,0,0,0,0.3,0.0,0.4,0.1,0.2,0.0,0.0,0.0,0.0
Fall 2021,8099,2021-11-29,0,0,0,0,0.1,0.0,0.2,0.3,0.2,0.0,0.2,0.0,0.0
Fall 2021,8086,2021-11-29,0,0,0,0,0.1,0.0,0.2,0.4,0.1,0.0,0.2,0.0,0.0
Fall 2021,8076,2021-11-29,0,0,0,0,0.0,0.0,0.4,0.1,0.3,0.0,0.2,0.0,0.0
Fall 2021,8080,2021-11-29,1,0,0,0,0.0,0.0,0.5,0.2,0.0,0.0,0.3,0.0,0.0
Fall 2021,2041,2021-11-29,1,0,0,0,0.1,0.0,0.2,0.2,0.3,0.0,0.1,0.1,0.0
Fall 2021,8533,2021-11-29,0,0,0,0,0.0,0.0,0.1,0.4,0.4,0.0,0.1,0.0,0.0
Fall 2021,7443,2021-11-29,0,0,0,0,0.0,0.0,0.7,0.1,0.1,0.0,0.1,0.0,0.0
Fall 2021,8539,2021-11-29,1,0,0,0,0.1,0.0,0.1,0.4,0.2,0.0,0.2,0.0,0.0
Fall 2021,8517,2021-11-29,0,0,0,0,0.0,0.0,0.0,0.3,0.4,0.0,0.3,0.0,0.0
Fall 2021,8528,2021-11-29,0,0,0,0,0.0,0.0,0.1,0.1,0.5,0.0,0.3,0.0,0.0
Fall 2021,8063,2021-11-29,0,0,0,0,0.0,0.0,0.0,0.2,0.2,0.0,0.6,0.0,0.0
Fall 2021,8057,2021-11-29,1,0,0,0,0.0,0.0,0.2,0.3,0.2,0.0,0.3,0.0,0.0
Fall 2021,8061,2021-11-29,0,0,0,0,0.2,0.0,0.1,0.1,0.2,0.0,0.4,0.0,0.0
Fall 2021,8557,2021-11-29,1,0,0,0,0.2,0.0,0.0,0.3,0.1,0.0,0.4,0.0,0.0
Fall 2021,2210,2021-11-29,0,0,0,0,0.0,0.0,0.2,0.3,0.4,0.0,0.1,0.0,0.0
Fall 2021,8548,2021-11-29,0,0,0,0,0.0,0.0,0.0,0.2,0.3,0.1,0.4,0.0,0.0
Fall 2021,8110,2021-12-02,0,0,0,0,0.3,0.0,0.4,0.3,0.0,0.0,0.0,0.0,0.0
Fall 2021,8106,2021-12-02,0,0,0,0,0.0,0.0,0.0,0.6,0.3,0.0,0.0,0.0,0.1
Fall 2021,8090,2021-12-02,0,0,0,0,0.0,0.0,0.5,0.2,0.1,0.0,0.1,0.1,0.0
Fall 2021,8079,2021-12-02,0,0,0,0,0.2,0.0,0.2,0.3,0.2,0.0,0.1,0.0,0.0
Fall 2021,8082,2021-12-02,0,0,0,0,0.0,0.0,0.3,0.3,0.3,0.0,0.1,0.0,0.0
Fall 2021,8056,2021-12-02,1,1,0,0,0.2,0.0,0.3,0.3,0.1,0.0,0.1,0.0,0.0
Fall 2021,8525,2021-12-02,0,0,0,0,0.0,0.0,0.8,0.2,0.0,0.0,0.0,0.0,0.0
Fall 2021,8505,2021-12-02,0,0,0,0,0.1,0.0,0.8,0.1,0.0,0.0,0.0,0.0,0.0
Fall 2021,5875,2021-12-02,0,0,0,0,0.1,0.0,0.9,0.0,0.0,0.0,0.0,0.0,0.0
Fall 2021,8537,2021-12-02,1,1,0,0,0.2,0.0,0.2,0.4,0.2,0.0,0.0,0.0,0.0
Fall 2021,8536,2021-12-02,0,0,0,0,0.1,0.0,0.6,0.0,0.3,0.0,0.0,0.0,0.0
Fall 2021,8529,2021-12-02,0,0,0,0,,,,,,,,,
Fall 2021,8562,2021-12-02,1,1,1,1,0.4,0.0,0.0,0.2,0.3,0.0,0.1,0.0,0.0
Fall 2021,8065,2021-12-02,0,0,0,0,0.0,0.0,0.2,0.2,0.4,0.2,0.0,0.0,0.0
Fall 2021,725,2021-12-02,0,0,0,0,0.0,0.0,0.4,0.3,0.3,0.0,0.0,0.0,0.0
Fall 2021,8054,2021-12-02,0,0,0,0,0.0,0.0,0.1,0.5,0.0,0.0,0.4,0.0,0.0
Fall 2021,2213,2021-12-02,0,0,0,0,0.1,0.0,0.2,0.1,0.0,0.1,0.5,0.0,0.0
Fall 2021,2208,2021-12-02,1,1,0,0,,,,,,,,,
